City_ID,City,Lat,Lng,Max Temp,Humidity,Cloudiness,Wind Speed,Country,Date
0,pyapon,16.2833,95.6833,99.18,31,16,9.17,MM,1681623229
1,isafjordur,66.0755,-23.124,34.59,89,100,7.14,IS,1681623229
2,marechal deodoro,-9.7103,-35.895,74.61,86,15,2.42,BR,1681623229
3,iqaluit,63.7506,-68.5145,15.53,79,100,25.32,CA,1681623229
4,bull savanna,17.8868,-77.5902,73.8,87,89,6.93,JM,1681623229
5,waitangi,-43.9535,-176.5597,51.82,86,21,14.14,NZ,1681623229
6,rawson,-43.3002,-65.1023,51.42,69,76,14.34,AR,1681623060
7,margaret river,-33.95,115.0667,66.16,63,92,10.76,AU,1681623229
8,talnakh,69.4865,88.3972,-1.17,67,38,1.57,RU,1681623229
9,bilibino,68.0546,166.4372,18.39,78,18,2.93,RU,1681623229
10,bethel,41.3712,-73.414,61.65,89,100,5.75,US,1681623229
11,sinabang,2.4803,96.3801,83.71,71,98,3.31,ID,1681623229
12,touros,-5.1989,-35.4608,76.12,93,99,9.35,BR,1681623087
13,vorgashor,67.5833,63.95,5.09,89,95,3.11,RU,1681623230
14,stanley,54.868,-1.6985,42.82,90,20,4.61,GB,1681623210
15,ust-nera,64.5667,143.2,27.21,81,100,3.89,RU,1681623230
16,puerto natales,-51.7236,-72.4875,39.31,91,100,7.14,CL,1681622980
17,howard springs,-12.497,131.047,84.11,85,93,1.81,AU,1681623230
18,nizhnevartovsk,60.9344,76.5531,8.62,78,75,13.42,RU,1681623230
19,villa tupac amaru,-13.7,-76.15,74.48,73,75,6.91,PE,1681623230
20,port lincoln,-34.7333,135.8667,63.25,52,29,13.96,AU,1681623230
21,ostersund,63.1792,14.6357,34.61,69,100,5.75,SE,1681623230
22,san patricio,28.017,-97.5169,75.92,62,2,18.21,US,1681623230
23,caleta de carquin,-11.0925,-77.6267,75.97,82,100,9.31,PE,1681623231
24,lazaro cardenas,17.9583,-102.2,75.38,80,59,3.42,MX,1681623231
25,gulf shores,30.246,-87.7008,69.85,71,20,11.5,US,1681623231
26,georgetown,5.4112,100.3354,93.13,66,20,9.22,MY,1681623039
27,fisterra,42.9049,-9.2629,50.02,84,0,11.36,ES,1681623231
28,new norfolk,-42.7826,147.0587,58.91,65,100,3.0,AU,1681623231
29,aridaia,40.9731,22.0564,55.15,60,99,0.29,GR,1681623232
30,adamstown,-25.066,-130.1015,78.15,83,3,14.18,PN,1681623232
31,codrington,-38.2667,141.9667,58.93,53,39,17.02,AU,1681623232
32,manokwari,-0.8667,134.0833,82.65,78,99,6.69,ID,1681623232
33,minas de marcona,-15.2119,-75.1103,63.27,83,93,7.18,PE,1681623232
34,papao,-17.75,-149.55,82.08,78,7,17.2,PF,1681623232
35,springs,-26.25,28.4,55.67,99,0,5.7,ZA,1681623232
36,cunha,-23.0744,-44.9597,61.57,98,98,1.97,BR,1681623233
37,colonia,50.9333,6.95,48.06,92,100,9.22,DE,1681622988
38,jintur,19.6167,76.7,97.79,17,10,4.25,IN,1681623233
39,nieuw amsterdam,5.8833,-55.0833,77.02,92,100,7.9,SR,1681623233
40,luena,-11.7833,19.9167,65.23,82,99,5.28,AO,1681623233
41,mount isa,-20.7333,139.5,65.97,63,100,17.27,AU,1681623233
42,port-aux-francais,-49.35,70.2167,42.69,96,100,30.24,TF,1681623233
43,carbonear,47.7332,-53.2148,35.42,81,9,10.36,CA,1681623027
44,ulanhot,46.0833,122.0833,54.07,20,25,6.4,CN,1681623234
45,yellowknife,62.456,-114.3525,34.32,69,40,12.66,CA,1681623234
46,fortuna,40.5982,-124.1573,49.66,77,80,2.19,US,1681623234
47,mawlaik,23.6333,94.4167,110.61,9,19,3.18,MM,1681623234
48,bredasdorp,-34.5322,20.0403,55.53,84,0,3.91,ZA,1681623234
49,tralee,52.2704,-9.7026,49.5,99,81,5.46,IE,1681623234
50,jamestown,42.097,-79.2353,60.44,67,0,1.01,US,1681623234
51,punta arenas,-53.15,-70.9167,42.91,75,75,16.11,CL,1681623054
52,puerto ayora,-0.7393,-90.3518,73.54,100,90,6.2,EC,1681623235
53,moree,-29.4667,149.85,80.42,36,79,12.82,AU,1681623235
54,tiksi,71.6872,128.8694,16.38,91,100,16.87,RU,1681623235
55,edinburgh of the seven seas,-37.0676,-12.3116,67.03,94,100,26.02,SH,1681623235
56,san luis de la loma,17.2706,-100.8939,76.98,73,27,5.26,MX,1681623235
57,nemuro,43.3236,145.575,37.24,98,100,13.51,JP,1681623235
58,gadzhiyevo,69.2551,33.3362,29.07,86,25,8.52,RU,1681623235
59,bishkul,54.7803,69.1033,35.94,30,0,6.71,KZ,1681623235
60,saint-flour,45.0833,3.0,38.62,89,98,5.46,FR,1681623235
61,papatowai,-46.5619,169.4708,56.3,85,84,5.82,NZ,1681623236
62,ilulissat,69.2167,-51.1,23.02,93,100,3.44,GL,1681623236
63,thompson,55.7435,-97.8558,28.56,50,40,5.75,CA,1681623236
64,blackmans bay,-43.0167,147.3167,57.72,80,100,12.5,AU,1681623236
65,tomatlan,19.9333,-105.25,70.23,59,1,2.73,MX,1681623236
66,grytviken,-54.2811,-36.5092,31.96,75,49,5.88,GS,1681623236
67,avarua,-21.2078,-159.775,78.85,65,75,9.22,CK,1681623236
68,ceeldheer,3.8488,47.1806,86.5,63,59,8.99,SO,1681623236
69,queenstown,-31.8976,26.8753,57.31,39,80,2.51,ZA,1681623236
70,mount pearl,47.5166,-52.7813,34.14,85,75,17.27,CA,1681623236
71,port alfred,-33.5906,26.891,62.02,63,53,3.44,ZA,1681623236
72,kavieng,-2.5744,150.7967,78.01,88,100,7.72,PG,1681623237
73,naze,28.3667,129.4833,74.32,56,0,11.07,JP,1681623237
74,longyearbyen,78.2186,15.6401,28.24,93,100,6.91,SJ,1681623237
75,utrik,11.2278,169.8474,80.6,73,59,16.89,MH,1681623237
76,ushuaia,-54.8,-68.3,40.66,93,20,3.44,AR,1681623100
77,fale old settlement,-9.3852,-171.2468,83.1,70,13,0.96,TK,1681623237
78,hanwella ihala,6.9012,80.0852,89.56,51,51,4.92,LK,1681623237
79,el calafate,-50.3408,-72.2768,41.52,69,100,8.84,AR,1681623238
80,puerto aysen,-45.4,-72.7,37.71,98,17,4.07,CL,1681623238
81,iskateley,67.6803,53.1512,30.96,90,99,11.79,RU,1681623238
82,aasiaat,68.7098,-52.8699,3.69,100,81,2.95,GL,1681623238
83,aykhal,66.0,111.5,26.47,87,100,19.93,RU,1681623238
84,sitka,57.0531,-135.33,40.89,75,75,13.8,US,1681623066
85,port augusta,-32.5,137.7667,66.43,37,7,13.15,AU,1681623238
86,wailua homesteads,22.0669,-159.378,73.83,84,40,17.27,US,1681623238
87,ribeira grande,38.5167,-28.7,63.77,84,19,21.0,PT,1681623238
88,lichuan,30.3,108.85,77.45,40,0,7.36,CN,1681623238
89,chibougamau,49.9168,-74.3659,44.22,53,0,8.05,CA,1681623238
90,whitehorse,60.7161,-135.0538,34.57,69,40,11.5,CA,1681623239
91,ingeniero jacobacci,-41.3427,-69.5448,46.22,51,0,7.05,AR,1681623239
92,petropavlovsk-kamchatsky,53.0452,158.6483,36.19,70,75,2.24,RU,1681623239
93,freetown,8.484,-13.2299,79.34,89,85,6.02,SL,1681623239
94,arraial do cabo,-22.9661,-42.0278,73.8,85,19,5.44,BR,1681623131
95,kodiak,57.79,-152.4072,33.31,86,100,16.11,US,1681623196
96,santa ana,33.7456,-117.8678,60.71,83,0,3.44,US,1681623022
97,nova vodolaha,49.7185,35.8708,44.49,64,52,14.94,UA,1681623239
98,hawaiian paradise park,19.5933,-154.9731,72.91,92,20,0.0,US,1681623239
99,hovd,48.0056,91.6419,58.17,19,21,31.47,MN,1681623239
100,limbe,4.0242,9.2149,78.53,85,74,3.04,CM,1681623239
101,olonkinbyen,70.9221,-8.7187,34.83,97,100,9.66,SJ,1681623239
102,westport,41.1415,-73.3579,62.15,91,100,3.0,US,1681623035
103,remire-montjoly,4.9167,-52.2667,75.24,100,75,0.0,GF,1681623240
104,mushie,-3.0167,16.9,72.79,93,99,2.98,CD,1681623240
105,aswan,24.0934,32.907,70.9,23,0,9.22,EG,1681623240
106,katabu,-4.9333,122.5167,80.89,87,70,2.71,ID,1681623240
107,uturoa,-16.7333,-151.4333,82.26,71,27,11.21,PF,1681623240
108,savastepe,39.3832,27.6561,47.86,64,98,3.09,TR,1681623240
109,invercargill,-46.4,168.35,53.02,82,57,1.99,NZ,1681623126
110,albany,42.6001,-73.9662,63.23,87,82,4.74,US,1681623241
111,kendari,-3.945,122.4989,84.74,75,98,2.75,ID,1681623241
112,fort mcmurray,56.7268,-111.381,42.39,48,0,9.22,CA,1681623241
113,camacupa,-12.0167,17.4833,60.66,76,100,2.91,AO,1681623242
114,boguchany,58.3814,97.4531,25.72,53,99,4.92,RU,1681623242
115,leava,-14.3,-178.1667,82.92,74,76,5.5,WF,1681623242
116,pisco,-13.7,-76.2167,75.25,73,75,6.91,PE,1681623242
117,vadso,70.0744,29.7487,35.76,55,12,3.44,NO,1681623242
118,catania,37.5021,15.0872,56.48,78,75,6.91,IT,1681623100
119,prado,-17.3411,-39.2208,73.65,92,54,7.2,BR,1681623243
120,muynoq,43.7683,59.0214,43.16,48,73,26.33,UZ,1681623243
121,lebu,-37.6167,-73.65,52.16,90,3,14.99,CL,1681623243
122,chlumec nad cidlinou,50.1544,15.4603,48.58,84,100,0.74,CZ,1681623243
123,brookings,44.3114,-96.7984,33.19,87,100,20.71,US,1681623161
124,luau,-10.7073,22.2247,65.1,95,100,5.82,AO,1681623244
125,shalqar,47.8333,59.6,29.08,92,100,27.58,KZ,1681623244
126,fort st. john,56.2499,-120.8529,44.49,42,75,2.3,CA,1681623244
127,udachny,66.4167,112.4,32.45,39,99,18.23,RU,1681623244
128,port mathurin,-19.6833,63.4167,79.18,78,100,16.87,MU,1681623245
129,saint-pierre,-21.3393,55.4781,83.88,65,0,2.3,RE,1681623245
130,san miguel,13.4833,-88.1833,77.97,78,2,1.99,SV,1681623245
131,al bardiyah,31.7561,25.0865,62.55,76,92,11.97,LY,1681623245
132,ancud,-41.8697,-73.8203,44.53,89,0,3.8,CL,1681623245
133,burang,30.25,81.1667,36.99,44,1,5.35,CN,1681623246
134,kayangel,8.0823,134.7173,83.68,71,44,11.99,PW,1681623246
135,coahuayana de hidalgo,18.7,-103.6583,73.4,68,19,3.29,MX,1681623246
136,port blair,11.6667,92.75,88.66,58,95,5.21,IN,1681623246
137,batamshinskiy,50.5594,58.2747,23.02,74,100,23.47,KZ,1681623246
138,inarajan village,13.2736,144.7484,88.0,83,60,17.27,GU,1681623246
139,badger,64.8,-147.5333,33.71,53,40,6.91,US,1681623247
140,north bondi,-33.8824,151.2769,77.88,40,0,18.41,AU,1681623247
141,turpan,42.9333,89.1667,83.37,19,71,2.93,CN,1681623247
142,geraldton,-28.7667,114.6,79.21,24,42,4.61,AU,1681623247
143,novodvinsk,64.4165,40.8122,28.15,77,99,2.64,RU,1681623247
144,bonthe,7.5264,-12.505,79.34,89,94,4.99,SL,1681623248
145,micheweni,-4.9667,39.8333,81.32,79,82,9.78,TZ,1681623248
146,arno,60.1167,18.6333,35.78,87,2,9.26,SE,1681623248
147,west island,-12.1568,96.8225,84.18,65,100,17.27,CC,1681623248
148,jacobina,-11.1806,-40.5183,63.23,66,18,2.15,BR,1681623249
149,black forest,39.0131,-104.7008,29.34,80,0,5.75,US,1681623249
150,port elizabeth,-33.918,25.5701,56.32,83,0,3.44,ZA,1681623249
151,mossel bay,-34.1831,22.146,48.13,68,6,4.92,ZA,1681623249
152,nova bana,48.4231,18.6404,46.35,87,100,2.13,SK,1681623249
153,howrah,22.5892,88.3103,100.4,41,40,0.0,IN,1681623250
154,coracora,-15.0333,-73.7833,49.46,88,99,1.34,PE,1681623251
155,atafu village,-8.5421,-172.5159,83.37,71,39,2.26,TK,1681623251
156,glace bay,46.1969,-59.957,37.89,76,75,2.3,CA,1681623251
157,valparaiso,-33.0393,-71.6273,58.64,67,75,2.3,CL,1681623160
158,al khums,32.6486,14.2619,64.02,46,1,21.81,LY,1681623252
159,kingston,17.997,-76.7936,77.95,88,20,4.61,JM,1681623056
160,ad dabbah,18.05,30.95,85.17,10,85,13.0,SD,1681623252
161,laguna,38.421,-121.4238,59.31,70,0,5.75,US,1681623252
162,polyarnyy,69.1989,33.4478,30.06,85,12,8.39,RU,1681623253
163,northam,51.0333,-4.2167,49.6,85,100,8.7,GB,1681623253
164,hermanus,-34.4187,19.2345,54.81,73,0,9.42,ZA,1681623253
165,flying fish cove,-10.4217,105.6791,78.48,94,75,5.75,CX,1681623254
166,zheleznogorsk-ilimskiy,56.5768,104.1217,26.56,50,73,1.45,RU,1681623254
167,jianshui,23.6363,102.8264,90.12,22,12,9.33,CN,1681623254
168,zouerate,22.7187,-12.4521,74.46,36,1,8.23,MR,1681623254
169,daru,-9.0763,143.2092,82.92,76,54,3.83,PG,1681623255
170,kerouane,9.2667,-9.0167,72.88,75,71,4.29,GN,1681623255
171,hamilton,39.1834,-84.5333,66.24,70,75,6.91,US,1681623040
172,tomohon,1.3346,124.8392,83.34,70,39,2.82,ID,1681623256
173,campina verde,-19.5356,-49.4864,68.31,87,78,3.42,BR,1681623256
174,dunedin,-45.8742,170.5036,55.36,92,19,11.81,NZ,1681623053
175,lan krabue,16.6,99.8489,100.83,28,28,4.25,TH,1681623256
176,mayya,61.7333,130.2811,40.32,98,72,8.05,RU,1681623257
177,east london,-33.0153,27.9116,54.54,76,0,9.22,ZA,1681623257
178,point fortin,10.1833,-61.6833,77.9,80,65,9.51,TT,1681622958
179,santo augusto,-27.8508,-53.7772,63.5,93,88,6.55,BR,1681623257
180,sola,-13.8833,167.55,81.68,75,100,21.09,VU,1681623257
181,porto novo,6.4965,2.6036,78.55,88,97,1.79,BJ,1681623257
182,masingbi,8.7833,-11.95,77.72,91,72,0.58,SL,1681623258
183,saipan,15.1355,145.701,88.5,100,20,18.41,MP,1681623259
184,ljusdal,61.8288,16.0913,32.32,79,96,1.23,SE,1681623259
185,hirara,24.8,125.2833,80.87,57,0,9.22,JP,1681623259
186,jinka,5.65,36.65,69.42,74,52,2.62,ET,1681623259
187,enewetak,11.3474,162.3373,80.91,79,92,21.81,MH,1681623259
188,klyuchi,52.2667,79.1667,28.47,59,35,9.35,RU,1681623259
189,cozumel,20.5083,-86.9458,78.87,83,0,0.0,MX,1681623260
190,grajau,-5.8194,-46.1386,72.82,96,100,1.5,BR,1681623260
191,tazovsky,67.4667,78.7,0.14,80,85,21.34,RU,1681623162
192,sandnessjoen,66.0217,12.6316,40.64,74,100,1.99,NO,1681623261
193,labrador city,52.9463,-66.9114,12.11,85,20,2.3,CA,1681623010
194,fort portal,0.6617,30.2748,64.81,89,100,2.39,UG,1681623261
195,balsas,-7.5325,-46.0356,75.22,83,87,0.76,BR,1681623261
196,bereeda,11.8704,51.0579,86.05,57,2,9.48,SO,1681623261
197,burley,42.5357,-113.7928,42.3,59,0,0.0,US,1681623261
198,tsiombe,-25.3,45.4833,77.0,51,46,8.84,MG,1681623261
199,pasuquin,18.3328,120.6177,89.55,66,100,9.22,PH,1681623261
200,broken hill,-31.95,141.4333,63.45,37,0,16.4,AU,1681623262
201,ljungby,56.8332,13.9408,41.61,71,95,6.58,SE,1681623262
202,sisimiut,66.9395,-53.6735,17.11,82,6,9.48,GL,1681623262
203,egilsstadir,65.2653,-14.3948,38.34,91,97,4.56,IS,1681623262
204,nabburg,49.4536,12.1786,44.74,99,100,1.54,DE,1681623262
205,long beach,33.767,-118.1892,59.16,85,0,3.44,US,1681623116
206,guerrero,17.6667,-100.0,72.54,33,63,4.56,MX,1681623263
207,pelabuhanratu,-6.9875,106.5514,84.99,69,48,5.88,ID,1681623263
208,kupang,-10.1667,123.5833,91.98,66,75,12.66,ID,1681623264
209,guangyuan,32.442,105.823,84.38,41,1,7.7,CN,1681623264
210,sunyani,7.3399,-2.3268,71.82,97,88,3.49,GH,1681623264
211,mendi,-6.1761,143.6513,62.38,88,97,3.22,PG,1681623265
212,i-n-salah,27.1935,2.4607,70.45,15,0,8.32,DZ,1681623265
213,guerrero negro,27.9769,-114.0611,56.7,84,0,11.61,MX,1681623266
214,kandhkot,28.244,69.1824,102.45,17,29,8.72,PK,1681623266
215,qujing,25.4833,103.7833,84.24,19,48,16.89,CN,1681623266
216,mandalgovi,45.7625,106.2708,61.39,24,75,23.38,MN,1681623266
217,utica,43.1009,-75.2327,63.48,85,74,3.47,US,1681622883
218,chifeng,42.2683,118.9636,56.44,16,22,2.59,CN,1681623266
219,gaspe,48.8334,-64.4819,34.02,75,100,0.0,CA,1681623267
220,nurota,40.5614,65.6886,66.38,24,19,18.92,UZ,1681623267
221,mil'kovo,55.6078,37.7956,41.14,42,100,8.68,RU,1681623268
222,shahpura,27.3833,75.9667,97.86,14,53,10.02,IN,1681623268
223,pitimbu,-7.4706,-34.8086,77.59,84,99,9.98,BR,1681623268
224,gebeit,21.0667,36.3167,80.65,17,3,9.13,SD,1681623268
225,college,64.8569,-147.8028,33.78,43,40,6.91,US,1681623269
226,okhotsk,59.3833,143.3,30.72,84,51,5.14,RU,1681623269
227,chonchi,-42.6128,-73.8092,45.12,92,24,4.92,CL,1681623269
228,hithadhoo,-0.6,73.0833,83.98,71,26,6.15,MV,1681623269
229,acarau,-2.8856,-40.12,76.15,93,100,7.67,BR,1681623270
230,dryden,49.7833,-92.7503,25.09,86,100,10.36,CA,1681623270
231,kenai,60.5544,-151.2583,44.69,60,40,4.61,US,1681623270
232,kavaratti,10.5669,72.642,84.11,71,56,3.18,IN,1681623270
233,mokhsogollokh,61.4681,128.9203,33.49,99,100,7.49,RU,1681623270
234,tezu,27.9167,96.1667,100.81,18,94,5.32,IN,1681623271
235,bat khela,34.6167,71.9714,82.4,32,99,5.17,PK,1681623271
236,malpica,43.3228,-8.8105,53.24,91,16,5.14,ES,1681623271
237,bloemfontein,-29.1211,26.214,36.88,87,0,2.3,ZA,1681623272
238,vilyuchinsk,52.9306,158.4028,37.67,95,76,2.39,RU,1681623273
239,mangalia,43.8,28.5833,53.37,88,99,8.23,RO,1681623273
240,souillac,-20.5167,57.5167,80.98,83,75,2.3,MU,1681623273
241,alice springs,-23.7,133.8833,65.75,45,0,13.8,AU,1681623274
242,patterson,37.4716,-121.1297,58.95,79,0,3.29,US,1681623274
243,ajdovscina,45.886,13.9095,48.58,98,81,7.16,SI,1681623274
244,manghit,42.1156,60.0597,53.58,57,69,21.12,UZ,1681623275
245,springfield,37.2153,-93.2982,44.53,76,100,18.01,US,1681623250
246,alo,7.4178,6.7371,80.04,80,96,2.35,NG,1681623275
247,sakaiminato,35.55,133.2333,53.58,76,75,12.66,JP,1681623003
248,huarmey,-10.0681,-78.1522,78.17,79,100,8.08,PE,1681623275
249,thanh pho uong bi,21.0333,106.7833,85.98,64,96,8.12,VN,1681623275
250,ozorkow,51.9634,19.2914,45.95,98,98,7.2,PL,1681623276
251,hayrat,40.8884,40.3699,65.89,45,21,2.55,TR,1681623276
252,conceicao do araguaia,-8.2578,-49.2647,76.68,86,97,1.34,BR,1681623277
253,hellin,38.5106,-1.701,49.48,65,0,13.94,ES,1681623277
254,fereydun kenar,36.6864,52.5225,66.42,59,0,4.61,IR,1681623277
255,adelia maria,-33.6315,-64.021,54.64,89,97,4.07,AR,1681623277
256,gloucester,51.8657,-2.2431,50.79,77,100,4.38,GB,1681623226
257,hammerfest,70.6634,23.6821,32.45,69,77,2.3,NO,1681623277
258,muna,20.4833,-89.7167,79.07,66,19,7.02,MX,1681623278
259,oranjemund,-28.55,16.4333,68.04,32,0,5.46,NA,1681623278
260,kill devil hills,36.0307,-75.676,66.2,85,0,4.61,US,1681623127
261,haiku-pauwela,20.9219,-156.3051,74.05,77,40,16.11,US,1681623195
262,kismayo,-0.3582,42.5454,85.86,64,58,8.81,SO,1681623278
263,nova olinda do norte,-3.8881,-59.0942,74.41,98,100,1.63,BR,1681623278
264,marka,1.7159,44.7717,86.0,61,92,8.9,SO,1681623278
265,qaqortoq,60.7167,-46.0333,33.73,64,55,9.66,GL,1681623279
266,perleberg,53.0667,11.8667,46.85,87,100,8.43,DE,1681623279
267,hamina,60.5697,27.1979,36.68,69,50,8.66,FI,1681623279
268,labytnangi,66.6572,66.4183,9.45,76,62,5.77,RU,1681623279
269,peterhead,57.5058,-1.7981,46.8,90,100,15.66,GB,1681623226
270,portland,45.5234,-122.6762,54.19,72,99,3.0,US,1681623141
271,nema,57.5067,50.5011,36.55,58,83,10.6,RU,1681623279
272,bac lieu,9.285,105.7244,88.75,56,100,8.39,VN,1681623279
273,hasaki,35.7333,140.8333,75.29,75,74,5.99,JP,1681623280
274,urzhar,47.093,81.6294,55.29,53,69,14.65,KZ,1681623280
275,vernon,50.2581,-119.2691,50.36,58,100,4.61,CA,1681623171
276,las lajitas,-24.6833,-64.25,57.92,98,100,2.95,AR,1681623280
277,vila franca do campo,37.7167,-25.4333,63.01,92,32,11.9,PT,1681623280
278,korla,41.7597,86.1469,79.59,16,43,5.95,CN,1681623280
279,kruisfontein,-34.0033,24.7314,57.69,54,43,2.21,ZA,1681623280
280,crane,31.3974,-102.3501,63.32,28,0,17.02,US,1681623281
281,khovd,48.0056,91.6419,58.17,19,21,31.47,MN,1681623281
282,kiruna,67.8557,20.2251,29.32,51,100,5.75,SE,1681623281
283,tual,-5.6667,132.75,82.94,75,97,5.84,ID,1681623281
284,castillos,-34.1667,-53.8333,51.98,84,98,2.55,UY,1681623281
285,bardai,11.65,7.2333,77.67,42,99,6.78,NG,1681623281
286,xilin hot,43.9667,116.0333,49.98,15,56,10.51,CN,1681623281
287,sabang,5.8933,95.3214,83.57,72,100,6.76,ID,1681623281
288,katsuura,35.1333,140.3,66.25,61,44,29.12,JP,1681623281
289,knysna,-34.0363,23.0471,59.77,61,8,2.39,ZA,1681623281
290,nchelenge,-9.3451,28.734,69.04,89,98,6.89,ZM,1681623281
291,boende,-0.2167,20.8667,75.15,83,100,1.39,CD,1681623282
292,atlanta,33.749,-84.388,69.15,76,40,3.44,US,1681623201
293,nola,40.922,14.5329,50.16,96,100,0.58,IT,1681623282
294,hemsby,52.6971,1.6918,40.93,95,99,5.61,GB,1681623282
295,constantia,44.1833,28.65,52.7,91,100,9.24,RO,1681623151
296,susuman,62.7833,148.1667,24.15,74,96,2.64,RU,1681623282
297,den helder,52.9599,4.7593,47.01,93,75,11.99,NL,1681623182
298,novovorontsovka,47.5004,33.9175,45.48,76,100,17.45,UA,1681623282
299,galiakot,23.5167,74.0,96.15,17,0,6.15,IN,1681623282
300,hobyo,5.3505,48.5268,84.87,69,19,9.19,SO,1681623065
301,tura,25.5198,90.2201,98.13,17,86,7.49,IN,1681623282
302,lihue,21.9789,-159.3672,74.44,80,40,17.27,US,1681623283
303,annau,37.8876,58.516,63.9,32,2,6.91,TM,1681623283
304,makokou,0.5738,12.8642,71.11,98,100,1.3,GA,1681623283
305,weno,7.4515,151.8468,87.75,70,100,9.22,FM,1681623283
306,belomorsk,64.5232,34.7668,33.15,81,100,3.91,RU,1681623283
307,childress,34.4264,-100.204,50.25,40,0,10.36,US,1681623283
308,lively,46.4334,-81.1498,59.92,60,31,1.23,CA,1681623284
309,port douglas,-16.4833,145.4667,83.37,70,100,3.67,AU,1681623284
310,mount gambier,-37.8333,140.7667,58.3,53,63,9.84,AU,1681623284
311,feicheng,35.2606,117.9675,72.39,19,1,4.12,CN,1681623284
312,la'ie,21.6477,-157.9253,78.76,76,45,4.0,US,1681623284
313,axim,4.8699,-2.2405,78.98,86,74,2.51,GH,1681623284
314,kristiansund,63.1115,7.732,43.45,87,100,0.0,NO,1681623285
315,bikenibeu village,1.3673,173.1241,84.16,79,75,8.05,KI,1681623285
316,lata,40.1629,-8.3327,51.08,85,1,4.9,PT,1681623285
317,karratha,-20.7377,116.8463,83.16,19,5,15.46,AU,1681623285
318,anaconda,46.1285,-112.9423,36.59,88,85,5.41,US,1681623285
319,wardha,20.75,78.6167,101.14,16,3,4.68,IN,1681623285
320,la sarre,48.8002,-79.1996,47.26,99,95,5.46,CA,1681623285
321,nyurba,63.2842,118.3319,32.38,89,71,8.37,RU,1681623286
322,yigo village,13.5361,144.8886,86.32,74,100,12.66,GU,1681623286
323,tarnogskiy gorodok,60.4997,43.5761,36.07,69,100,2.66,RU,1681623286
324,sumbawa besar,-8.5,117.4333,86.36,66,69,6.13,ID,1681623286
325,talsi,57.2456,22.5814,44.62,68,100,5.99,LV,1681623286
326,san antonio de pale,-1.4014,5.6325,81.18,79,100,6.26,GQ,1681623287
327,alovera,40.5937,-3.2453,53.69,90,15,6.89,ES,1681623287
328,holualoa,19.6228,-155.9522,75.04,83,40,11.5,US,1681623287
329,prudentopolis,-25.2131,-50.9778,61.9,100,98,1.52,BR,1681623287
330,senanga,-16.1167,23.2667,68.5,58,10,10.56,ZM,1681623287
331,ulaangom,49.9811,92.0667,42.17,60,19,14.67,MN,1681623287
332,ketchikan,55.3422,-131.6461,43.27,81,100,11.5,US,1681623287
333,acapulco de juarez,16.8634,-99.8901,78.62,83,0,3.44,MX,1681623287
334,luderitz,-26.6481,15.1594,74.61,29,0,8.72,NA,1681623287
335,makubetsu,45.3714,141.8211,33.51,93,100,28.77,JP,1681623288
336,port hedland,-20.3167,118.5667,82.45,24,1,14.97,AU,1681623288
337,nogliki,51.8333,143.1667,30.83,92,80,8.3,RU,1681623288
338,bereket,39.2446,55.5154,62.58,43,18,9.62,TM,1681623288
339,chilca,-12.5211,-76.7372,73.99,84,100,5.44,PE,1681623288
340,carnarvon,-24.8667,113.6333,78.93,33,4,6.53,AU,1681623288
341,nanao,37.05,136.9667,65.3,70,62,17.65,JP,1681623188
342,rey bouba,8.6724,14.1786,86.38,42,68,1.81,CM,1681623288
343,ta`u,-14.2336,-169.5144,81.25,76,98,5.28,AS,1681623288
344,amga,60.8953,131.9608,34.27,93,92,8.63,RU,1681623289
345,puerto palomas,31.7667,-107.6167,62.26,14,0,6.87,MX,1681623289
346,campo grande,-20.4428,-54.6464,71.15,94,0,4.61,BR,1681622990
347,itoman,26.1247,127.6694,79.57,55,75,4.61,JP,1681623289
348,kolpashevo,58.3131,82.9089,20.3,76,100,16.71,RU,1681623289
349,lamu,-2.2717,40.902,86.22,66,98,6.64,KE,1681623289
350,bukoba,-1.3317,31.8122,66.18,94,100,0.0,TZ,1681623289
351,nadi,-17.8,177.4167,84.2,74,75,5.75,FJ,1681623290
352,tolanaro,-25.0319,46.9987,75.27,73,75,4.61,MG,1681623290
353,saint-philippe,-21.3585,55.7679,83.79,76,26,7.43,RE,1681623273
354,palmer,42.1584,-72.3287,64.62,85,100,0.0,US,1681623290
355,tazacorte,28.629,-17.9293,65.37,86,100,11.5,ES,1681623290
356,loango,-4.6719,11.8312,76.66,100,75,3.44,CG,1681623290
357,oruro,-17.9833,-67.15,48.74,64,100,3.67,BO,1681623290
358,nalut,30.3333,10.85,63.1,30,2,9.22,LY,1681623290
359,anadyr,64.75,177.4833,12.7,66,9,13.42,RU,1681623292
360,nar'yan-mar,67.6713,53.087,30.99,90,99,11.83,RU,1681623292
361,ponta delgada,37.7333,-25.6667,63.32,94,75,10.36,PT,1681623292
362,trenggalek,-8.05,111.7167,88.72,62,87,3.2,ID,1681623292
363,marivan,35.5219,46.176,60.03,37,95,3.91,IR,1681623292
364,kununurra,-15.7667,128.7333,85.98,51,86,11.5,AU,1681623094
365,parfino,57.9731,31.6481,41.22,51,100,8.55,RU,1681623292
366,kargil,34.5667,76.1,40.68,46,87,1.05,IN,1681623293
367,puerto baquerizo moreno,-0.9,-89.6,80.22,78,50,9.57,EC,1681623293
368,vilyuysk,63.7553,121.6247,32.22,93,100,9.15,RU,1681623293
369,mata-utu,-13.2816,-176.1745,83.07,75,71,7.78,WF,1681623293
370,conde,-7.2597,-34.9075,76.46,94,75,6.91,BR,1681623293
371,sao jose da coroa grande,-8.8978,-35.1478,76.95,82,45,3.33,BR,1681623293
372,grand falls-windsor,48.9332,-55.6649,33.51,80,14,4.05,CA,1681623027
373,bamboo flat,11.7,92.7167,88.75,58,95,4.88,IN,1681623294
374,praia da vitoria,38.7333,-27.0667,64.65,88,75,21.63,PT,1681623294
375,happy valley-goose bay,53.3168,-60.3315,26.91,68,0,5.75,CA,1681623011
376,dvubratskiy,45.2389,39.805,47.37,71,70,19.75,RU,1681623294
377,sysert',56.4953,60.8192,37.38,48,27,6.76,RU,1681623294
378,tindouf,27.6711,-8.1474,72.25,25,0,6.96,DZ,1681623294
379,rizhao,35.4275,119.4553,65.77,35,1,1.66,CN,1681623294
380,porto-vecchio,41.591,9.2795,49.53,93,0,3.44,FR,1681623294
381,ivatsevichy,52.709,25.3401,41.38,94,100,7.54,BY,1681623295
382,qamdo,31.1667,97.2333,50.7,15,98,8.57,CN,1681623295
383,onega,63.9061,38.1404,34.77,77,100,3.91,RU,1681623295
384,ust-tsilma,65.441,52.1498,32.02,96,99,7.0,RU,1681623295
385,togur,58.3631,82.8265,19.51,76,100,16.84,RU,1681623295
386,genhe,50.7833,121.5167,51.3,23,65,10.2,CN,1681623295
387,mahanoro,-19.9,48.8,79.95,70,18,6.71,MG,1681623295
388,mesquite,32.7668,-96.5992,62.08,46,0,10.36,US,1681623255
389,brisas de zicatela,15.8369,-97.0419,79.32,78,40,0.0,MX,1681623295
390,pacora,9.0833,-79.2833,78.78,77,0,4.61,PA,1681623295
391,namtsy,62.7161,129.6658,33.01,98,58,10.04,RU,1681623296
392,laojunmiao,39.8333,97.7333,68.59,9,35,13.82,CN,1681623296
393,izumo,35.3667,132.7667,53.55,76,75,1.14,JP,1681623296
394,afaahiti,-17.75,-149.2833,80.47,77,9,15.32,PF,1681623296
395,igarka,67.4667,86.5833,10.22,75,51,17.18,RU,1681623296
396,spring creek,40.7266,-115.5859,45.3,41,7,4.16,US,1681623193
397,xicotencatl,23.0167,-98.8833,77.34,54,5,3.62,MX,1681623297
398,thinadhoo,0.5333,72.9333,83.39,71,74,5.46,MV,1681623297
399,santiago de cao,-7.9589,-79.2392,77.13,88,100,6.91,PE,1681623297
400,st. john's,47.5649,-52.7093,34.97,85,75,17.27,CA,1681623116
401,alofi,-19.0595,-169.9187,76.89,83,82,12.66,NU,1681623297
402,fall river,41.7015,-71.1551,61.93,86,100,5.75,US,1681623297
403,dondo,-19.6094,34.7431,78.31,91,93,8.9,MZ,1681623297
404,ambad,19.6167,75.8,96.24,18,26,3.71,IN,1681623297
405,jamaame,0.0697,42.745,87.98,57,58,8.57,SO,1681623298
406,talara,-4.5772,-81.2719,77.56,82,100,6.42,PE,1681623298
407,novomichurinsk,54.0384,39.7479,42.66,36,100,6.69,RU,1681623298
408,san gil,6.5557,-73.1331,65.68,93,100,2.57,CO,1681623298
409,kowon-up,39.4381,127.2431,49.75,71,99,5.17,KP,1681623298
410,guanare,9.0418,-69.7421,95.02,41,73,4.61,VE,1681623298
411,al badari,26.9926,31.4155,66.34,23,0,5.59,EG,1681623298
412,lompoc,34.6391,-120.4579,50.72,78,100,6.91,US,1681623298
413,choyr,46.3611,108.3611,56.32,34,100,29.62,MN,1681623298
414,punta del este,-34.9667,-54.95,57.87,77,0,3.44,UY,1681623298
415,kabare,-2.4683,28.8242,65.43,92,100,2.95,CD,1681623299
416,campoverde,-8.4753,-74.8058,73.69,98,100,0.83,PE,1681623299
417,hauterive,46.0901,3.4459,43.56,97,95,5.44,FR,1681623299
418,pahrump,36.2083,-115.9839,66.25,22,0,3.0,US,1681623299
419,reyes,-14.3167,-67.3833,68.34,96,100,2.04,BO,1681623299
420,oltinko'l,40.8011,72.1634,73.36,31,100,7.96,UZ,1681623299
421,smithers,54.7804,-127.1743,37.72,87,100,4.61,CA,1681623299
422,sassandra,4.95,-6.0833,78.42,91,100,3.74,CI,1681623299
423,richards bay,-28.783,32.0377,66.49,64,5,4.9,ZA,1681623299
424,sikasso,10.9167,-7.0,85.12,43,98,4.21,ML,1681623299
425,amahai,-3.3333,128.9167,85.77,66,34,5.61,ID,1681623300
426,huckelhoven,51.05,6.2167,47.62,92,100,1.99,DE,1681623300
427,antsiranana,-12.2787,49.2917,83.16,61,20,18.41,MG,1681623300
428,espinosa,-14.9261,-42.8192,73.18,59,94,3.69,BR,1681623300
429,agapovka,53.2973,59.1348,38.41,38,0,13.76,RU,1681623300
430,kabalo,-6.05,26.9167,72.64,91,100,3.83,CD,1681623300
431,tumaco,1.7986,-78.8156,75.25,97,100,7.2,CO,1681623300
432,yemetsk,63.4721,41.7941,34.45,77,100,2.28,RU,1681623300
433,crucecita,-28.95,-58.9833,65.62,61,100,7.49,AR,1681623301
434,airuk,7.2772,168.8203,81.46,78,100,17.78,MH,1681623301
435,ribas do rio pardo,-20.4431,-53.7592,71.31,93,91,2.89,BR,1681623301
436,palermo,37.8167,13.5833,48.52,86,100,4.43,IT,1681623210
437,boda,4.3189,17.4695,72.07,92,85,2.64,CF,1681623302
438,priozersk,61.0393,30.1291,40.1,75,94,6.11,RU,1681623302
439,arkhangel'sk,64.5401,40.5433,28.51,68,20,2.24,RU,1681623303
440,inhambane,-23.865,35.3833,73.38,83,40,3.44,MZ,1681623303
441,afif,23.9065,42.9172,70.92,63,68,18.99,SA,1681623305
442,hoemul-li,41.4339,129.67,42.51,77,89,10.33,KP,1681623305
443,hadibu,12.65,54.0333,85.17,55,16,2.35,YE,1681623305
444,imbituba,-28.24,-48.6703,71.85,86,100,7.78,BR,1681623306
445,scheveningen,52.1046,4.2756,46.94,89,100,10.36,NL,1681623306
446,tianpeng,30.9866,103.9393,88.63,38,0,4.61,CN,1681623307
447,greymouth,-42.4667,171.2,58.42,69,100,1.5,NZ,1681623307
448,kuala tungkal,-0.8167,103.4667,78.08,92,100,7.52,ID,1681623307
449,port isabel,26.0734,-97.2086,76.05,91,0,0.0,US,1681623307
450,la passe,45.5549,-0.8967,43.99,88,72,5.12,FR,1681623308
451,agadez,19.75,10.25,76.8,12,22,4.32,NE,1681623308
452,la foa,-21.7108,165.8276,75.04,93,100,4.23,NC,1681623308
453,eraan,9.0629,117.7016,88.03,61,68,5.68,PH,1681623309
454,zakamensk,50.3741,103.2863,35.58,59,100,2.37,RU,1681623309
455,dampit,-8.2116,112.7493,86.61,57,96,6.35,ID,1681623309
456,igarapava,-20.0383,-47.7469,72.52,95,71,2.44,BR,1681623309
457,manaure balcon del cesar,10.3928,-73.0325,70.74,85,95,3.65,CO,1681623310
458,midelt,32.6852,-4.7451,52.52,41,0,3.49,MA,1681623310
459,tamanrasset,22.785,5.5228,69.71,21,63,6.91,DZ,1681623310
460,selfoss,63.9331,-20.9971,42.06,74,100,20.87,IS,1681623311
461,ishigaki,24.3448,124.1572,78.93,65,40,4.61,JP,1681623311
462,mirto,38.0847,14.7515,50.18,94,100,10.49,IT,1681623312
463,pacific grove,36.6177,-121.9166,51.48,85,40,5.75,US,1681623314
464,mhamid,29.82,-5.72,69.94,18,0,3.0,MA,1681623314
465,shitanjing,39.2342,106.3439,76.55,13,75,16.53,CN,1681623315
466,khandyga,62.6667,135.6,33.94,98,45,3.65,RU,1681623315
467,san pedro pochutla,15.7333,-96.4667,78.71,67,42,2.48,MX,1681623315
468,al burayqah,30.4062,19.5739,61.77,60,1,7.36,LY,1681623315
469,farim,12.4839,-15.2217,72.19,86,0,4.16,GW,1681623316
470,pangody,65.85,74.4859,-2.47,84,62,20.07,RU,1681623316
471,brooks,50.5834,-111.8851,40.62,60,77,8.05,CA,1681623316
472,lago da pedra,-4.3333,-45.1667,72.55,99,100,2.13,BR,1681623317
473,zaozersk,69.4005,32.4476,27.16,85,6,8.1,RU,1681623317
474,chilliwack,49.1747,-121.9443,48.51,93,100,4.0,CA,1681623318
475,keflavik,64.0049,-22.5624,44.51,75,100,24.16,IS,1681623318
476,namibe,-15.1961,12.1522,74.48,75,17,5.64,AO,1681623318
477,shimoda,34.6667,138.95,74.1,52,33,26.4,JP,1681623319
478,dolinsk,47.35,142.8,30.78,93,100,21.05,RU,1681623319
479,puntarenas,9.9763,-84.8384,79.97,68,16,4.59,CR,1681623319
480,camden,39.7835,-74.9663,63.39,97,30,4.36,US,1681623048
481,anloga,5.7947,0.8973,81.86,81,99,5.39,GH,1681623319
482,erenhot,43.6475,111.9767,65.88,12,91,15.01,CN,1681623319
483,baruun-urt,46.6806,113.2792,48.56,23,100,22.06,MN,1681623319
484,margate,51.3813,1.3862,44.69,94,100,7.25,GB,1681623320
485,krasnoyarskaya,47.6501,42.0443,43.43,46,31,15.75,RU,1681623320
486,zavodskoy,43.4597,132.2922,44.19,75,75,11.18,RU,1681623320
487,amungan,15.3652,119.9582,84.76,69,70,7.0,PH,1681623321
488,iwanai,42.9744,140.5089,45.52,97,100,0.11,JP,1681623321
489,bich'vinta,43.1592,40.3378,59.18,68,35,4.94,GE,1681623321
490,aguilas,37.4063,-1.5829,58.46,69,0,13.6,ES,1681623321
491,ujae,8.9322,165.7642,81.21,80,100,20.89,MH,1681623322
492,kapuskasing,49.4169,-82.4331,35.69,80,75,8.05,CA,1681623322
493,taulaga,-11.0553,-171.0883,82.33,74,88,4.18,AS,1681623323
494,tchintabaraden,15.8969,5.7985,79.65,17,89,5.61,NE,1681623323
495,uberaba,-19.7483,-47.9319,70.38,88,0,5.75,BR,1681623129
496,prince rupert,54.3161,-130.3201,42.49,76,20,19.57,CA,1681623100
497,tsengel,49.4783,100.8894,56.66,24,46,16.11,MN,1681623324
498,puerto santa,-8.9906,-78.6456,77.67,80,100,6.55,PE,1681623324
499,machico,32.7,-16.7667,65.01,75,20,17.27,PT,1681623324
500,kushiro,42.975,144.3747,41.95,100,75,17.27,JP,1681623324
501,fort bragg,35.139,-79.006,65.19,91,0,0.0,US,1681623325
502,lorengau,-2.0226,147.2712,77.43,83,100,9.73,PG,1681623325
503,cajabamba,-7.6167,-78.05,55.26,81,100,1.81,PE,1681623325
504,potosi,-19.5836,-65.7531,45.43,58,75,3.38,BO,1681623326
505,mar del plata,-38.0023,-57.5575,53.94,88,0,4.61,AR,1681623130
506,abadeh,31.1608,52.6506,55.31,24,0,6.91,IR,1681623326
507,walvis bay,-22.9575,14.5053,67.15,45,0,1.14,NA,1681623326
508,nguigmi,14.2495,13.1092,80.8,17,100,6.17,NE,1681623326
509,oroszlany,47.4867,18.3123,42.15,91,100,5.48,HU,1681623326
510,gamba,-2.65,10.0,78.15,88,100,3.83,GA,1681623327
511,flin flon,54.7682,-101.865,33.33,97,100,5.41,CA,1681623327
512,gornyye klyuchi,45.25,133.5,46.35,61,100,6.08,RU,1681623327
513,ventnor,50.5948,-1.2037,46.42,91,100,4.79,GB,1681623327
514,tidjikja,18.5564,-11.4271,79.99,30,20,10.0,MR,1681623328
515,luwuk,-0.9516,122.7875,85.41,79,33,1.12,ID,1681623329
516,ciampea,-6.5547,106.7008,92.91,60,73,3.31,ID,1681623330
517,kiunga,-6.1219,141.2906,91.71,48,78,2.59,PG,1681623331
518,masterton,-40.9597,175.6575,61.88,88,99,5.55,NZ,1681623333
519,puerto san jose,13.9256,-90.8244,80.92,73,0,9.22,GT,1681623334
520,burela de cabo,43.65,-7.4,52.05,94,100,4.12,ES,1681623334
521,edson,53.5835,-116.4356,33.94,51,0,2.3,CA,1681623334
522,silsbee,30.3491,-94.178,69.55,90,100,12.46,US,1681623044
523,cidreira,-30.1811,-50.2056,69.6,83,97,19.3,BR,1681623335
524,koesan,36.8108,127.7947,54.59,40,100,10.0,KR,1681623335
525,nova sintra,14.8667,-24.7167,69.46,81,2,17.22,CV,1681623335
526,kallar kahar,32.7833,72.7,89.55,18,99,3.69,PK,1681623336
527,kuusamo,65.9667,29.1833,19.44,53,0,1.14,FI,1681623336
528,manaus,-3.1019,-60.025,79.29,83,75,4.61,BR,1681623092
529,artova,40.1158,36.3001,42.69,47,99,3.6,TR,1681623337
530,paita,-5.0892,-81.1144,77.72,84,100,2.1,PE,1681623337
531,taroa,8.7058,171.2275,81.75,74,100,18.63,MH,1681623337
532,tucurui,-3.7661,-49.6725,74.08,96,90,2.57,BR,1681623338
533,monrovia,6.3005,-10.7969,77.67,87,98,3.98,LR,1681623338
534,waingapu,-9.6567,120.2641,83.34,75,98,5.1,ID,1681623082
535,tan-tan,28.438,-11.1032,62.06,80,0,2.55,MA,1681623339
536,nyandoma,61.669,40.1991,35.73,74,100,2.62,RU,1681623339
537,selkirk,50.1436,-96.8845,32.16,88,100,14.16,CA,1681623340
538,hechuan,29.9947,106.2572,90.09,36,0,7.16,CN,1681623340
539,petauke,-14.2426,31.3253,63.27,80,96,8.32,ZM,1681623340
540,zhuanghe,39.7008,122.9911,59.7,25,7,15.3,CN,1681623340
541,balapur,20.6667,76.7667,100.18,16,7,7.02,IN,1681623340
542,pemangkat,1.1667,108.9667,85.28,61,69,9.51,ID,1681623340
543,forster,-32.1667,152.5167,78.57,58,90,5.12,AU,1681623111
544,shahpur chakar,26.155,68.6509,89.62,22,4,11.1,PK,1681623341
545,santa cruz,-17.8,-63.1667,69.26,94,100,4.61,BO,1681623341
546,cabo san lucas,22.8909,-109.9124,68.5,73,0,10.78,MX,1681623172
547,floro,61.5996,5.0328,41.97,93,4,4.61,NO,1681623098
548,olinda,-8.0089,-34.8553,78.53,83,20,3.44,BR,1681623341
549,ebon,4.582,168.6964,82.27,80,97,13.56,MH,1681623341
550,uttar char fasson,22.2332,90.7132,88.61,68,77,11.83,BD,1681623341
551,arvayheer,46.2639,102.775,57.99,25,94,16.17,MN,1681623341
552,yangiqo'rg'on,41.1906,71.7257,63.25,43,92,4.94,UZ,1681623341
553,tosontsengel,48.7567,98.2839,50.79,28,69,29.24,MN,1681623341
554,calabozo,8.9242,-67.4293,81.01,61,96,10.25,VE,1681623341
555,sao vicente,-23.9631,-46.3919,73.98,26,58,0.16,BR,1681623341
556,karukh,34.4811,62.5863,66.56,35,70,10.25,AF,1681623342
557,nuuk,64.1835,-51.7216,29.01,93,29,10.36,GL,1681623342
558,jinghong,21.991,100.7341,105.91,10,27,4.5,CN,1681623342
559,zanjan,36.6736,48.4787,51.49,50,0,0.0,IR,1681623342
560,itacoatiara,-3.1431,-58.4442,73.47,98,100,0.56,BR,1681623342
561,neiafu,-18.65,-173.9833,81.28,74,75,4.61,TO,1681623342
562,nabire,-3.3667,135.4833,87.96,62,40,6.78,ID,1681623342
563,eureka,40.8021,-124.1637,49.75,85,77,3.51,US,1681623342
564,rantepao,-2.9701,119.8978,78.4,86,89,2.44,ID,1681623343
565,saldanha,-33.0117,17.9442,50.05,65,0,7.43,ZA,1681623343
566,sao lourenco do oeste,-26.3592,-52.8511,59.74,97,23,4.5,BR,1681623343
567,pohang,36.0322,129.365,51.21,80,95,6.91,KR,1681623343
568,faisalabad,31.4167,73.0833,98.56,10,98,7.52,PK,1681623343
569,hilo,19.7297,-155.09,74.28,87,20,1.99,US,1681623343
570,argostolion,38.1811,20.489,57.29,81,97,11.77,GR,1681623343
571,aydincik,36.1437,33.3202,70.0,44,45,3.74,TR,1681623343
572,noosa heads,-26.3833,153.15,82.35,67,32,13.82,AU,1681623343
573,lowestoft,52.4752,1.7516,40.01,46,97,6.31,GB,1681623343
574,frei paulo,-10.5494,-37.5344,69.71,93,5,2.15,BR,1681623343
575,archangelos,36.2149,28.1149,58.98,69,100,5.82,GR,1681623344
